name,sequence1,sequence2,temp inverse 1000/K,time,LOG RATE,qposition,,sodium,magnisium,0,0,0,0,0,0,concentration1,concentration2
20mer,AGATTAGCAGGTTTCCCACC,GGTGGGAAACCTGCTAATCT,2.937589623,,-1,,,1,,,,,,,,0.00000001,0.00000001
20mer,AGATTAGCAGGTTTCCCACC,GGTGGGAAACCTGCTAATCT,2.931076569,,-1.476821192,,,1,,,,,,,,0.00000001,0.00000001
20mer,AGATTAGCAGGTTTCCCACC,GGTGGGAAACCTGCTAATCT,2.962563625,,-1.874172185,,,1,,,,,,,,0.00000001,0.00000001
20mer,AGATTAGCAGGTTTCCCACC,GGTGGGAAACCTGCTAATCT,2.957654206,,-2.112582781,,,1,,,,,,,,0.00000001,0.00000001
20mer,AGATTAGCAGGTTTCCCACC,GGTGGGAAACCTGCTAATCT,2.975934541,,-2.589403974,,,1,,,,,,,,0.00000001,0.00000001
20mer,AGATTAGCAGGTTTCCCACC,GGTGGGAAACCTGCTAATCT,2.990810574,,-2.589403974,,,1,,,,,,,,0.00000001,0.00000001
10mer,TTGGTGATCC,GGATCACCAA,3.188823819,,-0.973509934,,,1,,,,,,,,0.00000001,0.00000001
10mer,TTGGTGATCC,GGATCACCAA,3.223550982,,-1.052980132,,,1,,,,,,,,0.00000001,0.00000001
10mer,TTGGTGATCC,GGATCACCAA,3.236839801,,-1.370860927,,,1,,,,,,,,0.00000001,0.00000001
10mer,TTGGTGATCC,GGATCACCAA,3.273301954,,-1.847682119,,,1,,,,,,,,0.00000001,0.00000001
10mer,TTGGTGATCC,GGATCACCAA,3.29653002,,-2.271523179,,,1,,,,,,,,0.00000001,0.00000001
10mer,TTGGTGATCC,GGATCACCAA,3.357785562,,-2.748344371,,,1,,,,,,,,0.00000001,0.00000001
